{
  "rms": 2.344456480958463,
  "camera_matrix_left": [
    [
      2032.1573761106022,
      0.0,
      1267.415448664168
    ],
    [
      0.0,
      2034.0979716229604,
      681.0849920684523
    ],
    [
      0.0,
      0.0,
      1.0
    ]
  ],
  "dist_coeffs_left": [
    -0.3346056945944934,
    0.039839815104261204,
    0.0005249779526301068,
    -0.0006095822342792695,
    0.08682115834892971
  ],
  "camera_matrix_right": [
    [
      2032.4811443899455,
      0.0,
      1252.817750048764
    ],
    [
      0.0,
      2032.8831826233104,
      649.5299560086281
    ],
    [
      0.0,
      0.0,
      1.0
    ]
  ],
  "dist_coeffs_right": [
    -0.3726617368187444,
    0.2193075037472022,
    0.0015715238572411429,
    0.004241385840260559,
    -0.1338758777227775
  ],
  "R": [
    [
      0.9999882277905858,
      -0.0030045270379188476,
      0.003810130906121786
    ],
    [
      0.0030005805890642332,
      0.9999949563304714,
      0.0010410714418807015
    ],
    [
      -0.003813239616376181,
      -0.001029626581330931,
      0.9999921995059416
    ]
  ],
  "T": [
    [
      -0.06826540234147582
    ],
    [
      0.0005141865179822477
    ],
    [
      -0.0013230820226251007
    ]
  ],
  "R1": [
    [
      0.9996756273521363,
      -0.01055433180575582,
      0.023178571100202255
    ],
    [
      0.010542501787716891,
      0.9999442262277324,
      0.0006325265822868684
    ],
    [
      -0.02318395423928168,
      -0.0003879612807040253,
      0.9997311407332854
    ]
  ],
  "R2": [
    [
      0.9997838831266909,
      -0.007530540741973116,
      0.019377254610737298
    ],
    [
      0.007540428224154583,
      0.9999714749710937,
      -0.0004372485923751145
    ],
    [
      -0.01937340915565019,
      0.0005832668931498015,
      0.9998121477644786
    ]
  ],
  "P1": [
    [
      2063.3656546001503,
      0.0,
      1185.422348022461,
      0.0
    ],
    [
      0.0,
      2063.3656546001503,
      628.2194976806641,
      0.0
    ],
    [
      0.0,
      0.0,
      1.0,
      0.0
    ]
  ],
  "P2": [
    [
      2063.3656546001503,
      0.0,
      1185.422348022461,
      -140.88693463266486
    ],
    [
      0.0,
      2063.3656546001503,
      628.2194976806641,
      0.0
    ],
    [
      0.0,
      0.0,
      1.0,
      0.0
    ]
  ],
  "image_size": [
    2560,
    1440
  ],
  "squares_x": 11,
  "squares_y": 8,
  "square_size": 0.015,
  "marker_length": 0.011,
  "dict_name": "DICT_4X4_1000"
}